Fund Name,P1,P2,P3,P4,Topsis Score,Rank
M1,250,16,12,5,0.4657231428178998,3
M2,200,16,8,3,0.8104197116873622,1
M3,300,32,16,4,0.18958028831263787,5
M4,275,32,8,4,0.4345724049588624,4
M8,225,16,16,2,0.6274555897504793,2
